{
  "zero": {
    "state": "zero",
    "frameCount": 120,
    "style": { "count": 1, "totalMs": 0.401, "maxMs": 0.401, "perFrame": 0.008333333333333333 },
    "layout": { "count": 1, "totalMs": 0.275, "maxMs": 0.275, "perFrame": 0.008333333333333333 },
    "paint": {
      "count": 121,
      "totalMs": 4.597999999999997,
      "maxMs": 0.138,
      "perFrame": 1.0083333333333333
    },
    "composite": {
      "count": 356,
      "totalMs": 0.3300000000000002,
      "maxMs": 0.091,
      "perFrame": 2.966666666666667
    },
    "runTasksOver50Ms": 0
  },
  "markers": {
    "state": "surface-200",
    "frameCount": 120,
    "style": { "count": 2, "totalMs": 2.649, "maxMs": 1.722, "perFrame": 0.016666666666666666 },
    "layout": { "count": 1, "totalMs": 0.153, "maxMs": 0.153, "perFrame": 0.008333333333333333 },
    "paint": { "count": 321, "totalMs": 4.732999999999996, "maxMs": 0.299, "perFrame": 2.675 },
    "composite": {
      "count": 356,
      "totalMs": 0.40200000000000014,
      "maxMs": 0.227,
      "perFrame": 2.966666666666667
    },
    "runTasksOver50Ms": 0
  },
  "rawEvents": {
    "path": "artifacts/performance/007-hotspot-calibration-trace-events.jsonl",
    "sha256": "7f64ab57f877c5f7f3c5863de2a7927dbd188a0a4adf0f72616134aa5a71d1a7"
  }
}
